"https://en.wikipedia.org/wiki/Embedded_system",
"https://en.wikipedia.org/wiki/Electronic_design_automation",
"https://www.comp4drones.eu/hepsycode-electronic-system-level-hw-sw-co-design-of-heterogeneous-parallel-dedicated-systems/",
"https://github.com/hepsycode/HEPSYCODE-AIDOaRt",
"https://github.com/amlModeling/caex-workbench/tree/variability",
"https://www.automationml.org/about-automationml/automationml/",
"https://en.wikipedia.org/wiki/CAEX",
"https://en.wikipedia.org/wiki/AutomationML",
"https://it.wikipedia.org/wiki/Business_Process_Model_and_Notation",
"https://github.com/bpmn-miwg/bpmn-miwg-test-suite",
"https://github.com/bpmn-miwg/bpmn-miwg-test-suite",
"https://www.obeodesigner.com/en/",
"https://github.com/ObeoNetwork/BPMN-Designer",

